Year,Quarter,Product_Line,Product_Category,Product_Group,Quantity,Profit,Total_Retail_Price
1999,1999Q1,Children,Children Sports,"A-Team, Kids",286,4980.15,8990.90
1999,1999Q1,Children,Children Sports,"Bathing Suits, Kids",98,1479.95,2560.40
1999,1999Q1,Children,Children Sports,"Eclipse, Kid's Clothes",588,9348.95,18768.80
1999,1999Q1,Children,Children Sports,"Eclipse, Kid's Shoes",334,7136.80,14337.20
1999,1999Q1,Children,Children Sports,"Lucky Guy, Kids",303,7163.00,12996.20
1999,1999Q1,Children,Children Sports,"N.D. Gear, Kids",755,19153.05,34250.50
1999,1999Q1,Children,Children Sports,"Olssons, Kids",209,1975.35,3339.30
1999,1999Q1,Children,Children Sports,Orion Kid's Clothes,14,288.80,580.40
1999,1999Q1,Children,Children Sports,"Osprey, Kids",454,7334.70,13219.60
1999,1999Q1,Children,Children Sports,Tracker Kid's Clothes,1243,21847.85,40049.50
1999,1999Q1,Children,Children Sports,"Ypsilon, Kids",139,3020.85,5354.70
1999,1999Q1,Clothes & Shoes,Clothes,Eclipse Clothing,2938,84982.50,170206.10
1999,1999Q1,Clothes & Shoes,Clothes,Green Tomato,171,4706.85,7846.20
1999,1999Q1,Clothes & Shoes,Clothes,Knitwear,1554,79951.69,140077.94
1999,1999Q1,Clothes & Shoes,Clothes,LSF,335,16878.00,32535.50
1999,1999Q1,Clothes & Shoes,Clothes,Leisure,312,14394.30,26047.20
1999,1999Q1,Clothes & Shoes,Clothes,Massif,25,3767.90,7192.10
1999,1999Q1,Clothes & Shoes,Clothes,Orion,793,38066.35,72236.50
1999,1999Q1,Clothes & Shoes,Clothes,Orion Clothing,460,11650.25,22294.30
1999,1999Q1,Clothes & Shoes,Clothes,Osprey,266,9218.75,15712.80
1999,1999Q1,Clothes & Shoes,Clothes,Shorts,150,2278.65,4063.00
1999,1999Q1,Clothes & Shoes,Clothes,Stockings & Socks,237,2099.55,3564.90
1999,1999Q1,Clothes & Shoes,Clothes,Street Wear,408,15325.30,26391.80
1999,1999Q1,Clothes & Shoes,Clothes,T-Shirts,362,5829.10,10497.10
1999,1999Q1,Clothes & Shoes,Clothes,Tracker Clothes,2624,69039.20,127046.80
1999,1999Q1,Clothes & Shoes,Clothes,Twain,71,9522.57,18878.33
1999,1999Q1,Clothes & Shoes,Shoes,Eclipse Shoes,4121,205449.95,413796.40
1999,1999Q1,Clothes & Shoes,Shoes,Shoes,1905,98815.55,183279.20
1999,1999Q1,Clothes & Shoes,Shoes,Tracker Shoes,2179,92492.55,170200.40
1999,1999Q1,Outdoors,Outdoors,Anoraks & Parkas,3139,236288.94,420621.54
1999,1999Q1,Outdoors,Outdoors,Backpacks,607,43060.05,81268.50
1999,1999Q1,Outdoors,Outdoors,Gloves & Mittens,251,5756.90,9900.80
1999,1999Q1,Outdoors,Outdoors,Knitted Accessories,405,4104.43,7135.58
1999,1999Q1,Outdoors,Outdoors,Outdoor Gear,1898,85201.80,150492.70
1999,1999Q1,Outdoors,Outdoors,Sleepingbags,1643,74168.05,146132.80
1999,1999Q1,Outdoors,Outdoors,Tents,705,123547.00,251163.80
1999,1999Q1,Sports,Assorted Sports Articles,Assorted Sports articles,4220,146611.20,266024.15
1999,1999Q1,Sports,Assorted Sports Articles,Darts,1108,20224.20,34454.20
1999,1999Q1,Sports,Assorted Sports Articles,Petanque - Boule,376,8991.85,16225.30
1999,1999Q1,Sports,Assorted Sports Articles,Skates,1980,187259.00,384963.30
1999,1999Q1,Sports,Golf,Golf,1456,76791.65,159190.70
1999,1999Q1,Sports,Golf,Golf Clothes,502,41045.45,57055.20
1999,1999Q1,Sports,Indoor Sports,Fitness,647,60817.65,121857.00
1999,1999Q1,Sports,Indoor Sports,Gymnastic Clothing,358,9569.26,17024.36
1999,1999Q1,Sports,Indoor Sports,Top Trim,340,39674.61,71773.26
1999,1999Q1,Sports,Racket Sports,Badminton,125,13498.75,18203.80
1999,1999Q1,Sports,Racket Sports,Racket Sports,529,44820.10,76510.40
1999,1999Q1,Sports,Racket Sports,Tennis,554,13944.60,23950.30
1999,1999Q1,Sports,Running - Jogging,Jogging,1321,46763.60,81657.80
1999,1999Q1,Sports,Running - Jogging,Running Clothes,2106,52840.65,95139.80
1999,1999Q1,Sports,Swim Sports,Bathing Suits,1262,25863.80,44130.80
1999,1999Q1,Sports,Team Sports,American Football,431,5990.33,10608.86
1999,1999Q1,Sports,Team Sports,Baseball,381,3604.80,6444.70
1999,1999Q1,Sports,Team Sports,Basket Ball,232,2853.20,4617.65
1999,1999Q1,Sports,Team Sports,Soccer,1065,19317.55,36927.00
1999,1999Q1,Sports,Winter Sports,Ski Dress,1527,213396.50,377411.35
1999,1999Q1,Sports,Winter Sports,Winter Sports,2590,138916.24,247872.79
1999,1999Q2,Children,Children Sports,"A-Team, Kids",601,10243.65,18499.10
1999,1999Q2,Children,Children Sports,"Bathing Suits, Kids",183,3217.11,5552.66
1999,1999Q2,Children,Children Sports,"Eclipse, Kid's Clothes",1068,17268.75,34688.20
1999,1999Q2,Children,Children Sports,"Eclipse, Kid's Shoes",662,13860.84,28052.44
1999,1999Q2,Children,Children Sports,"Lucky Guy, Kids",566,13148.95,23871.10
1999,1999Q2,Children,Children Sports,"N.D. Gear, Kids",1586,41117.88,73708.28
1999,1999Q2,Children,Children Sports,"Olssons, Kids",445,4180.45,7018.30
1999,1999Q2,Children,Children Sports,Orion Kid's Clothes,19,344.80,693.40
1999,1999Q2,Children,Children Sports,"Osprey, Kids",1031,15763.20,28603.60
1999,1999Q2,Children,Children Sports,Tracker Kid's Clothes,2458,44840.28,82469.83
1999,1999Q2,Children,Children Sports,"Ypsilon, Kids",250,5289.85,9378.60
1999,1999Q2,Clothes & Shoes,Clothes,Eclipse Clothing,5658,156126.53,313701.98
1999,1999Q2,Clothes & Shoes,Clothes,Green Tomato,324,9264.65,15443.80
1999,1999Q2,Clothes & Shoes,Clothes,Knitwear,894,43345.25,75620.30
1999,1999Q2,Clothes & Shoes,Clothes,LSF,601,31183.95,59883.50
1999,1999Q2,Clothes & Shoes,Clothes,Leisure,584,26349.40,47715.80
1999,1999Q2,Clothes & Shoes,Clothes,Massif,78,11770.90,22468.00
1999,1999Q2,Clothes & Shoes,Clothes,Orion,1397,65043.29,124513.29
1999,1999Q2,Clothes & Shoes,Clothes,Orion Clothing,864,23831.66,45875.11
1999,1999Q2,Clothes & Shoes,Clothes,Osprey,470,16426.85,28081.80
1999,1999Q2,Clothes & Shoes,Clothes,Shorts,258,3866.85,6897.70
1999,1999Q2,Clothes & Shoes,Clothes,Stockings & Socks,406,3703.15,6306.90
1999,1999Q2,Clothes & Shoes,Clothes,Street Wear,847,33972.55,58897.30
1999,1999Q2,Clothes & Shoes,Clothes,T-Shirts,639,9721.43,17852.43
1999,1999Q2,Clothes & Shoes,Clothes,Tracker Clothes,4815,126424.97,233424.42
1999,1999Q2,Clothes & Shoes,Clothes,Twain,96,12789.55,25292.35
1999,1999Q2,Clothes & Shoes,Shoes,Eclipse Shoes,6853,340341.14,686906.59
1999,1999Q2,Clothes & Shoes,Shoes,Shoes,3050,159684.09,296426.49
1999,1999Q2,Clothes & Shoes,Shoes,Tracker Shoes,3927,160034.65,294621.70
1999,1999Q2,Outdoors,Outdoors,Anoraks & Parkas,2060,162450.51,291965.71
1999,1999Q2,Outdoors,Outdoors,Backpacks,1497,102754.45,197134.25
1999,1999Q2,Outdoors,Outdoors,Gloves & Mittens,234,5557.95,9617.00
1999,1999Q2,Outdoors,Outdoors,Knitted Accessories,166,2012.50,3441.80
1999,1999Q2,Outdoors,Outdoors,Outdoor Gear,4488,192599.91,342417.71
1999,1999Q2,Outdoors,Outdoors,Sleepingbags,3980,181599.50,357953.70
1999,1999Q2,Outdoors,Outdoors,Tents,1699,300826.00,606291.00
1999,1999Q2,Sports,Assorted Sports Articles,Assorted Sports articles,6837,237328.18,430240.38
1999,1999Q2,Sports,Assorted Sports Articles,Darts,1094,20502.95,34922.30
1999,1999Q2,Sports,Assorted Sports Articles,Petanque - Boule,1041,25301.10,45566.00
1999,1999Q2,Sports,Assorted Sports Articles,Skates,4825,444409.07,940072.82
1999,1999Q2,Sports,Golf,Golf,3469,180709.21,376437.36
1999,1999Q2,Sports,Golf,Golf Clothes,1068,84713.95,116364.50
1999,1999Q2,Sports,Indoor Sports,Fitness,334,24463.65,49631.70
1999,1999Q2,Sports,Indoor Sports,Gymnastic Clothing,189,4850.05,8623.40
1999,1999Q2,Sports,Indoor Sports,Top Trim,168,18469.15,33200.40
1999,1999Q2,Sports,Racket Sports,Badminton,81,9269.75,12360.10
1999,1999Q2,Sports,Racket Sports,Racket Sports,914,71155.30,122259.00
1999,1999Q2,Sports,Racket Sports,Tennis,1456,36854.14,63756.69
1999,1999Q2,Sports,Running - Jogging,Jogging,2230,77019.97,135086.27
1999,1999Q2,Sports,Running - Jogging,Running Clothes,3278,77014.33,139473.38
1999,1999Q2,Sports,Swim Sports,Bathing Suits,3010,60166.38,104046.83
1999,1999Q2,Sports,Team Sports,American Football,1054,14193.80,25565.66
1999,1999Q2,Sports,Team Sports,Baseball,981,9366.07,16553.82
1999,1999Q2,Sports,Team Sports,Basket Ball,113,1385.30,2245.35
1999,1999Q2,Sports,Team Sports,Soccer,2866,48241.71,94383.51
1999,1999Q2,Sports,Winter Sports,Ski Dress,533,75872.70,133340.60
1999,1999Q2,Sports,Winter Sports,Winter Sports,1022,55672.73,98540.87
1999,1999Q3,Children,Children Sports,"A-Team, Kids",537,8833.93,16410.53
1999,1999Q3,Children,Children Sports,"Bathing Suits, Kids",187,2977.75,5128.40
1999,1999Q3,Children,Children Sports,"Eclipse, Kid's Clothes",1073,16820.45,33870.30
1999,1999Q3,Children,Children Sports,"Eclipse, Kid's Shoes",630,13593.21,27367.86
1999,1999Q3,Children,Children Sports,"Lucky Guy, Kids",521,12200.65,22136.80
1999,1999Q3,Children,Children Sports,"N.D. Gear, Kids",1520,40754.79,73453.64
1999,1999Q3,Children,Children Sports,"Olssons, Kids",433,3883.90,6521.10
1999,1999Q3,Children,Children Sports,Orion Kid's Clothes,29,496.40,998.60
1999,1999Q3,Children,Children Sports,"Osprey, Kids",829,12317.19,22507.64
1999,1999Q3,Children,Children Sports,Tracker Kid's Clothes,2400,42517.75,78770.20
1999,1999Q3,Children,Children Sports,"Ypsilon, Kids",220,4860.50,8617.90
1999,1999Q3,Clothes & Shoes,Clothes,Eclipse Clothing,5879,167951.51,339165.56
1999,1999Q3,Clothes & Shoes,Clothes,Green Tomato,327,8952.58,15093.23
1999,1999Q3,Clothes & Shoes,Clothes,Knitwear,623,30528.10,53393.00
1999,1999Q3,Clothes & Shoes,Clothes,LSF,702,35957.70,68991.60
1999,1999Q3,Clothes & Shoes,Clothes,Leisure,524,22507.11,40981.81
1999,1999Q3,Clothes & Shoes,Clothes,Massif,51,7595.85,14499.00
1999,1999Q3,Clothes & Shoes,Clothes,Orion,1462,67466.96,129896.56
1999,1999Q3,Clothes & Shoes,Clothes,Orion Clothing,904,23741.55,45558.90
1999,1999Q3,Clothes & Shoes,Clothes,Osprey,505,17693.85,30080.50
1999,1999Q3,Clothes & Shoes,Clothes,Shorts,269,4190.91,7716.31
1999,1999Q3,Clothes & Shoes,Clothes,Stockings & Socks,513,4642.45,7895.10
1999,1999Q3,Clothes & Shoes,Clothes,Street Wear,911,37914.70,65530.75
1999,1999Q3,Clothes & Shoes,Clothes,T-Shirts,679,10666.40,19206.40
1999,1999Q3,Clothes & Shoes,Clothes,Tracker Clothes,4925,128263.95,238193.55
1999,1999Q3,Clothes & Shoes,Clothes,Twain,147,19493.08,37925.83
1999,1999Q3,Clothes & Shoes,Shoes,Eclipse Shoes,6592,326052.82,658727.22
1999,1999Q3,Clothes & Shoes,Shoes,Shoes,3052,158739.95,296365.35
1999,1999Q3,Clothes & Shoes,Shoes,Tracker Shoes,3556,141540.81,264627.76
1999,1999Q3,Outdoors,Outdoors,Anoraks & Parkas,1112,86576.00,154595.10
1999,1999Q3,Outdoors,Outdoors,Backpacks,1187,79752.73,151140.78
1999,1999Q3,Outdoors,Outdoors,Gloves & Mittens,244,5535.25,9519.70
1999,1999Q3,Outdoors,Outdoors,Knitted Accessories,145,1698.15,2888.30
1999,1999Q3,Outdoors,Outdoors,Outdoor Gear,3979,170742.57,302470.77
1999,1999Q3,Outdoors,Outdoors,Sleepingbags,3436,156490.10,308182.70
1999,1999Q3,Outdoors,Outdoors,Tents,1480,261444.70,530594.10
1999,1999Q3,Sports,Assorted Sports Articles,Assorted Sports articles,6766,230609.54,420054.69
1999,1999Q3,Sports,Assorted Sports Articles,Darts,932,16758.20,28542.70
1999,1999Q3,Sports,Assorted Sports Articles,Petanque - Boule,914,22108.85,39936.30
1999,1999Q3,Sports,Assorted Sports Articles,Skates,4236,397796.86,834389.06
1999,1999Q3,Sports,Golf,Golf,3136,164126.37,339269.82
1999,1999Q3,Sports,Golf,Golf Clothes,1161,88682.11,124474.91
1999,1999Q3,Sports,Indoor Sports,Fitness,491,36026.00,72324.00
1999,1999Q3,Sports,Indoor Sports,Gymnastic Clothing,273,7434.90,13138.30
1999,1999Q3,Sports,Indoor Sports,Top Trim,219,21973.25,39486.70
1999,1999Q3,Sports,Racket Sports,Badminton,117,12616.90,17102.50
1999,1999Q3,Sports,Racket Sports,Racket Sports,1066,87373.75,150270.70
1999,1999Q3,Sports,Racket Sports,Tennis,907,24178.42,41729.42
1999,1999Q3,Sports,Running - Jogging,Jogging,1992,69841.89,122154.54
1999,1999Q3,Sports,Running - Jogging,Running Clothes,3179,77546.57,141552.77
1999,1999Q3,Sports,Swim Sports,Bathing Suits,2521,48689.49,84431.89
1999,1999Q3,Sports,Team Sports,American Football,804,9825.32,18537.10
1999,1999Q3,Sports,Team Sports,Baseball,770,6509.77,12215.82
1999,1999Q3,Sports,Team Sports,Basket Ball,163,1999.66,3240.06
1999,1999Q3,Sports,Team Sports,Soccer,1942,34462.28,66863.28
1999,1999Q3,Sports,Winter Sports,Ski Dress,485,70380.10,123494.50
1999,1999Q3,Sports,Winter Sports,Winter Sports,1048,56310.00,99763.15
1999,1999Q4,Children,Children Sports,"A-Team, Kids",473,7457.50,13550.20
1999,1999Q4,Children,Children Sports,"Bathing Suits, Kids",64,1113.45,1918.50
1999,1999Q4,Children,Children Sports,"Eclipse, Kid's Clothes",932,13973.42,28283.72
1999,1999Q4,Children,Children Sports,"Eclipse, Kid's Shoes",585,11967.81,24444.06
1999,1999Q4,Children,Children Sports,"Lucky Guy, Kids",507,11210.70,20491.00
1999,1999Q4,Children,Children Sports,"N.D. Gear, Kids",1093,28336.69,50627.24
1999,1999Q4,Children,Children Sports,"Olssons, Kids",339,3121.05,5280.30
1999,1999Q4,Children,Children Sports,Orion Kid's Clothes,33,467.20,941.00
1999,1999Q4,Children,Children Sports,"Osprey, Kids",720,11154.00,20187.50
1999,1999Q4,Children,Children Sports,Tracker Kid's Clothes,1954,35099.49,65046.44
1999,1999Q4,Children,Children Sports,"Ypsilon, Kids",242,5389.05,9553.00
1999,1999Q4,Clothes & Shoes,Clothes,Eclipse Clothing,5042,140445.60,282644.60
1999,1999Q4,Clothes & Shoes,Clothes,Green Tomato,272,7219.50,12373.50
1999,1999Q4,Clothes & Shoes,Clothes,Knitwear,1208,61299.50,106789.90
1999,1999Q4,Clothes & Shoes,Clothes,LSF,615,30139.98,58752.78
1999,1999Q4,Clothes & Shoes,Clothes,Leisure,475,20566.75,37293.10
1999,1999Q4,Clothes & Shoes,Clothes,Massif,67,10438.65,19924.00
1999,1999Q4,Clothes & Shoes,Clothes,Orion,1267,59284.63,114143.68
1999,1999Q4,Clothes & Shoes,Clothes,Orion Clothing,764,21028.87,40399.12
1999,1999Q4,Clothes & Shoes,Clothes,Osprey,468,15539.52,26640.92
1999,1999Q4,Clothes & Shoes,Clothes,Shorts,125,1925.10,3433.00
1999,1999Q4,Clothes & Shoes,Clothes,Stockings & Socks,438,3930.75,6714.60
1999,1999Q4,Clothes & Shoes,Clothes,Street Wear,749,29241.17,50914.42
1999,1999Q4,Clothes & Shoes,Clothes,T-Shirts,307,4922.40,8836.70
1999,1999Q4,Clothes & Shoes,Clothes,Tracker Clothes,4583,122285.02,226909.52
1999,1999Q4,Clothes & Shoes,Clothes,Twain,111,14037.15,27163.85
1999,1999Q4,Clothes & Shoes,Shoes,Eclipse Shoes,4491,220287.11,443837.36
1999,1999Q4,Clothes & Shoes,Shoes,Shoes,2073,106766.49,199992.74
1999,1999Q4,Clothes & Shoes,Shoes,Tracker Shoes,2604,108020.29,198944.24
1999,1999Q4,Outdoors,Outdoors,Anoraks & Parkas,2361,185557.94,333858.44
1999,1999Q4,Outdoors,Outdoors,Backpacks,1125,77679.15,146663.10
1999,1999Q4,Outdoors,Outdoors,Gloves & Mittens,523,12634.05,21833.90
1999,1999Q4,Outdoors,Outdoors,Knitted Accessories,364,4321.58,7437.28
1999,1999Q4,Outdoors,Outdoors,Outdoor Gear,2113,90356.50,159591.50
1999,1999Q4,Outdoors,Outdoors,Sleepingbags,1965,89234.85,175719.40
1999,1999Q4,Outdoors,Outdoors,Tents,817,145481.80,293892.60
1999,1999Q4,Sports,Assorted Sports Articles,Assorted Sports articles,6106,208643.46,379600.85
1999,1999Q4,Sports,Assorted Sports Articles,Darts,1987,36701.05,62546.90
1999,1999Q4,Sports,Assorted Sports Articles,Petanque - Boule,452,10885.50,19629.20
1999,1999Q4,Sports,Assorted Sports Articles,Skates,2339,220520.25,458122.10
1999,1999Q4,Sports,Golf,Golf,2342,126166.37,258909.47
1999,1999Q4,Sports,Golf,Golf Clothes,793,64638.56,89872.21
1999,1999Q4,Sports,Indoor Sports,Fitness,636,67693.09,134976.04
1999,1999Q4,Sports,Indoor Sports,Gymnastic Clothing,434,11068.11,19637.86
1999,1999Q4,Sports,Indoor Sports,Top Trim,373,40132.53,73103.18
1999,1999Q4,Sports,Racket Sports,Badminton,220,22095.05,30234.50
1999,1999Q4,Sports,Racket Sports,Racket Sports,1038,87916.55,149015.70
1999,1999Q4,Sports,Racket Sports,Tennis,881,23484.18,41188.18
1999,1999Q4,Sports,Running - Jogging,Jogging,1534,51199.37,91117.77
1999,1999Q4,Sports,Running - Jogging,Running Clothes,2172,51992.59,94407.94
1999,1999Q4,Sports,Swim Sports,Bathing Suits,1117,22944.55,39209.10
1999,1999Q4,Sports,Team Sports,American Football,684,8915.87,16188.90
1999,1999Q4,Sports,Team Sports,Baseball,534,5409.76,9394.06
1999,1999Q4,Sports,Team Sports,Basket Ball,196,2416.00,3905.85
1999,1999Q4,Sports,Team Sports,Soccer,1905,35714.88,69232.78
1999,1999Q4,Sports,Winter Sports,Ski Dress,1399,196434.88,346267.43
1999,1999Q4,Sports,Winter Sports,Winter Sports,2386,123899.43,222812.08
2000,2000Q1,Children,Children Sports,"A-Team, Kids",310,5627.45,10163.70
2000,2000Q1,Children,Children Sports,"Bathing Suits, Kids",90,1618.50,2800.10
2000,2000Q1,Children,Children Sports,"Eclipse, Kid's Clothes",585,9501.15,19079.10
2000,2000Q1,Children,Children Sports,"Eclipse, Kid's Shoes",351,7508.55,15082.50
2000,2000Q1,Children,Children Sports,"Lucky Guy, Kids",289,7193.20,13020.00
2000,2000Q1,Children,Children Sports,"N.D. Gear, Kids",786,21158.45,37889.70
2000,2000Q1,Children,Children Sports,"Olssons, Kids",254,2362.75,3984.30
2000,2000Q1,Children,Children Sports,Orion Kid's Clothes,15,278.60,560.20
2000,2000Q1,Children,Children Sports,"Osprey, Kids",491,7658.50,13878.50
2000,2000Q1,Children,Children Sports,Tracker Kid's Clothes,1308,23972.55,43936.20
2000,2000Q1,Children,Children Sports,"Ypsilon, Kids",158,3451.30,6117.50
2000,2000Q1,Clothes & Shoes,Clothes,Eclipse Clothing,3503,103567.35,207490.20
2000,2000Q1,Clothes & Shoes,Clothes,Green Tomato,206,5901.15,9835.50
2000,2000Q1,Clothes & Shoes,Clothes,Knitwear,1704,85894.65,150673.80
2000,2000Q1,Clothes & Shoes,Clothes,LSF,355,18643.15,35897.30
2000,2000Q1,Clothes & Shoes,Clothes,Leisure,328,15236.05,27562.50
2000,2000Q1,Clothes & Shoes,Clothes,Massif,42,6465.70,12341.00
2000,2000Q1,Clothes & Shoes,Clothes,Orion,836,41966.90,79794.10
2000,2000Q1,Clothes & Shoes,Clothes,Orion Clothing,529,14497.20,27745.60
2000,2000Q1,Clothes & Shoes,Clothes,Osprey,321,11403.00,19554.70
2000,2000Q1,Clothes & Shoes,Clothes,Shorts,175,2513.60,4497.40
2000,2000Q1,Clothes & Shoes,Clothes,Stockings & Socks,315,2876.70,4894.10
2000,2000Q1,Clothes & Shoes,Clothes,Street Wear,493,19939.00,34400.60
2000,2000Q1,Clothes & Shoes,Clothes,T-Shirts,381,6253.00,11191.20
2000,2000Q1,Clothes & Shoes,Clothes,Tracker Clothes,2999,80871.40,148782.70
2000,2000Q1,Clothes & Shoes,Clothes,Twain,79,10923.45,21109.75
2000,2000Q1,Clothes & Shoes,Shoes,Eclipse Shoes,4810,239996.20,483996.20
2000,2000Q1,Clothes & Shoes,Shoes,Shoes,2107,112862.70,209241.70
2000,2000Q1,Clothes & Shoes,Shoes,Tracker Shoes,2591,107826.10,198561.70
2000,2000Q1,Outdoors,Outdoors,Anoraks & Parkas,3693,286258.11,509988.26
2000,2000Q1,Outdoors,Outdoors,Backpacks,722,51118.90,96410.00
2000,2000Q1,Outdoors,Outdoors,Gloves & Mittens,305,7856.85,13720.50
2000,2000Q1,Outdoors,Outdoors,Knitted Accessories,412,4907.02,8510.82
2000,2000Q1,Outdoors,Outdoors,Outdoor Gear,2385,99460.05,175673.30
2000,2000Q1,Outdoors,Outdoors,Sleepingbags,1953,89304.85,175873.70
2000,2000Q1,Outdoors,Outdoors,Tents,863,158431.45,321752.80
2000,2000Q1,Sports,Assorted Sports Articles,Assorted Sports articles,4775,167936.25,304040.40
2000,2000Q1,Sports,Assorted Sports Articles,Darts,1474,27860.05,47481.00
2000,2000Q1,Sports,Assorted Sports Articles,Petanque - Boule,441,10806.90,19526.80
2000,2000Q1,Sports,Assorted Sports Articles,Skates,2361,227123.80,469374.50
2000,2000Q1,Sports,Golf,Golf,1863,99002.80,204362.20
2000,2000Q1,Sports,Golf,Golf Clothes,645,53465.20,73382.40
2000,2000Q1,Sports,Indoor Sports,Fitness,737,71593.61,143166.86
2000,2000Q1,Sports,Indoor Sports,Gymnastic Clothing,356,9369.91,16607.06
2000,2000Q1,Sports,Indoor Sports,Top Trim,410,45710.71,83495.91
2000,2000Q1,Sports,Racket Sports,Badminton,166,18776.65,25382.10
2000,2000Q1,Sports,Racket Sports,Racket Sports,613,48585.45,84220.40
2000,2000Q1,Sports,Racket Sports,Tennis,624,16812.70,28941.50
2000,2000Q1,Sports,Running - Jogging,Jogging,1591,55638.65,97240.60
2000,2000Q1,Sports,Running - Jogging,Running Clothes,2480,61148.90,110376.00
2000,2000Q1,Sports,Swim Sports,Bathing Suits,1204,24921.55,42520.40
2000,2000Q1,Sports,Team Sports,American Football,447,6219.33,11011.50
2000,2000Q1,Sports,Team Sports,Baseball,426,3822.55,6934.30
2000,2000Q1,Sports,Team Sports,Basket Ball,220,2740.56,4408.66
2000,2000Q1,Sports,Team Sports,Soccer,1256,23244.10,44608.80
2000,2000Q1,Sports,Winter Sports,Ski Dress,1861,254706.73,453056.63
2000,2000Q1,Sports,Winter Sports,Winter Sports,3462,187819.41,332491.16
2000,2000Q2,Children,Children Sports,"A-Team, Kids",537,9052.20,16350.70
2000,2000Q2,Children,Children Sports,"Bathing Suits, Kids",207,3472.20,5998.20
2000,2000Q2,Children,Children Sports,"Eclipse, Kid's Clothes",1199,19415.03,39004.03
2000,2000Q2,Children,Children Sports,"Eclipse, Kid's Shoes",728,15364.34,31014.99
2000,2000Q2,Children,Children Sports,"Lucky Guy, Kids",567,12903.05,23485.10
2000,2000Q2,Children,Children Sports,"N.D. Gear, Kids",1676,45402.42,81242.87
2000,2000Q2,Children,Children Sports,"Olssons, Kids",511,4619.05,7715.40
2000,2000Q2,Children,Children Sports,Orion Kid's Clothes,19,351.10,706.00
2000,2000Q2,Children,Children Sports,"Osprey, Kids",968,14924.33,27010.08
2000,2000Q2,Children,Children Sports,Tracker Kid's Clothes,2512,45018.10,82924.35
2000,2000Q2,Children,Children Sports,"Ypsilon, Kids",259,5711.75,10125.80
2000,2000Q2,Clothes & Shoes,Clothes,Eclipse Clothing,6755,191287.40,384318.35
2000,2000Q2,Clothes & Shoes,Clothes,Green Tomato,407,12023.15,20037.00
2000,2000Q2,Clothes & Shoes,Clothes,Knitwear,1089,54432.25,95199.30
2000,2000Q2,Clothes & Shoes,Clothes,LSF,797,40207.20,77149.00
2000,2000Q2,Clothes & Shoes,Clothes,Leisure,678,31398.95,56801.70
2000,2000Q2,Clothes & Shoes,Clothes,Massif,103,15519.20,29622.00
2000,2000Q2,Clothes & Shoes,Clothes,Orion,1799,86710.50,166252.65
2000,2000Q2,Clothes & Shoes,Clothes,Orion Clothing,1007,27650.78,53412.63
2000,2000Q2,Clothes & Shoes,Clothes,Osprey,652,21752.50,36711.10
2000,2000Q2,Clothes & Shoes,Clothes,Shorts,293,4339.40,7749.40
2000,2000Q2,Clothes & Shoes,Clothes,Stockings & Socks,499,4672.30,7965.90
2000,2000Q2,Clothes & Shoes,Clothes,Street Wear,949,36509.10,63409.10
2000,2000Q2,Clothes & Shoes,Clothes,T-Shirts,765,11090.12,20440.87
2000,2000Q2,Clothes & Shoes,Clothes,Tracker Clothes,5941,164258.02,302537.72
2000,2000Q2,Clothes & Shoes,Clothes,Twain,149,20033.45,38452.15
2000,2000Q2,Clothes & Shoes,Shoes,Eclipse Shoes,7717,378502.71,765253.46
2000,2000Q2,Clothes & Shoes,Shoes,Shoes,3377,178159.74,330792.39
2000,2000Q2,Clothes & Shoes,Shoes,Tracker Shoes,4226,173593.67,320046.27
2000,2000Q2,Outdoors,Outdoors,Anoraks & Parkas,2367,183170.51,329619.56
2000,2000Q2,Outdoors,Outdoors,Backpacks,1810,124273.87,236848.37
2000,2000Q2,Outdoors,Outdoors,Gloves & Mittens,280,6607.55,11537.90
2000,2000Q2,Outdoors,Outdoors,Knitted Accessories,207,2315.65,3938.00
2000,2000Q2,Outdoors,Outdoors,Outdoor Gear,5443,237044.73,420435.13
2000,2000Q2,Outdoors,Outdoors,Sleepingbags,4628,210270.70,414518.50
2000,2000Q2,Outdoors,Outdoors,Tents,2018,356591.80,726506.60
2000,2000Q2,Sports,Assorted Sports Articles,Assorted Sports articles,7980,277982.04,504459.69
2000,2000Q2,Sports,Assorted Sports Articles,Darts,1268,24188.60,41254.30
2000,2000Q2,Sports,Assorted Sports Articles,Petanque - Boule,1240,30612.80,55057.40
2000,2000Q2,Sports,Assorted Sports Articles,Skates,6016,552970.51,1159837.26
2000,2000Q2,Sports,Golf,Golf,4269,221011.95,463360.50
2000,2000Q2,Sports,Golf,Golf Clothes,1367,107704.01,150656.96
2000,2000Q2,Sports,Indoor Sports,Fitness,373,29211.85,58081.20
2000,2000Q2,Sports,Indoor Sports,Gymnastic Clothing,195,5241.65,9295.50
2000,2000Q2,Sports,Indoor Sports,Top Trim,184,20651.80,37155.10
2000,2000Q2,Sports,Racket Sports,Badminton,94,13037.85,17076.50
2000,2000Q2,Sports,Racket Sports,Racket Sports,1094,89128.35,152396.50
2000,2000Q2,Sports,Racket Sports,Tennis,1664,42833.40,74367.30
2000,2000Q2,Sports,Running - Jogging,Jogging,2532,89904.88,157296.68
2000,2000Q2,Sports,Running - Jogging,Running Clothes,3761,91769.64,166192.89
2000,2000Q2,Sports,Swim Sports,Bathing Suits,3596,70695.71,122146.56
2000,2000Q2,Sports,Team Sports,American Football,1184,16031.51,28626.66
2000,2000Q2,Sports,Team Sports,Baseball,934,9107.17,16095.97
2000,2000Q2,Sports,Team Sports,Basket Ball,144,1795.52,2887.12
2000,2000Q2,Sports,Team Sports,Soccer,3674,64957.25,127550.00
2000,2000Q2,Sports,Winter Sports,Ski Dress,596,85683.00,150419.50
2000,2000Q2,Sports,Winter Sports,Winter Sports,1182,66382.45,118497.40
2000,2000Q3,Children,Children Sports,"A-Team, Kids",668,10689.75,20152.05
2000,2000Q3,Children,Children Sports,"Bathing Suits, Kids",179,3053.00,5269.90
2000,2000Q3,Children,Children Sports,"Eclipse, Kid's Clothes",1271,21049.46,42363.31
2000,2000Q3,Children,Children Sports,"Eclipse, Kid's Shoes",779,16434.97,33142.82
2000,2000Q3,Children,Children Sports,"Lucky Guy, Kids",650,15493.00,28017.50
2000,2000Q3,Children,Children Sports,"N.D. Gear, Kids",1776,45839.94,82339.89
2000,2000Q3,Children,Children Sports,"Olssons, Kids",556,4934.45,8285.90
2000,2000Q3,Children,Children Sports,Orion Kid's Clothes,30,519.65,1045.30
2000,2000Q3,Children,Children Sports,"Osprey, Kids",1067,17238.03,31431.83
2000,2000Q3,Children,Children Sports,Tracker Kid's Clothes,3022,53352.91,99103.21
2000,2000Q3,Children,Children Sports,"Ypsilon, Kids",310,6694.20,11862.50
2000,2000Q3,Clothes & Shoes,Clothes,Eclipse Clothing,7332,209707.67,423223.37
2000,2000Q3,Clothes & Shoes,Clothes,Green Tomato,421,11289.35,19139.50
2000,2000Q3,Clothes & Shoes,Clothes,Knitwear,808,42423.00,73947.40
2000,2000Q3,Clothes & Shoes,Clothes,LSF,821,43013.15,82724.30
2000,2000Q3,Clothes & Shoes,Clothes,Leisure,755,34172.30,62061.40
2000,2000Q3,Clothes & Shoes,Clothes,Massif,89,13419.50,25614.20
2000,2000Q3,Clothes & Shoes,Clothes,Orion,1725,83282.47,158912.97
2000,2000Q3,Clothes & Shoes,Clothes,Orion Clothing,1056,29772.19,57279.09
2000,2000Q3,Clothes & Shoes,Clothes,Osprey,744,26099.50,44233.50
2000,2000Q3,Clothes & Shoes,Clothes,Shorts,390,5348.93,9799.08
2000,2000Q3,Clothes & Shoes,Clothes,Stockings & Socks,574,5239.79,8917.69
2000,2000Q3,Clothes & Shoes,Clothes,Street Wear,1030,41974.16,72471.66
2000,2000Q3,Clothes & Shoes,Clothes,T-Shirts,826,13702.15,24482.30
2000,2000Q3,Clothes & Shoes,Clothes,Tracker Clothes,6476,171995.78,319697.43
2000,2000Q3,Clothes & Shoes,Clothes,Twain,163,22096.25,43577.75
2000,2000Q3,Clothes & Shoes,Shoes,Eclipse Shoes,7850,383969.46,775016.01
2000,2000Q3,Clothes & Shoes,Shoes,Shoes,3396,179442.31,334047.06
2000,2000Q3,Clothes & Shoes,Shoes,Tracker Shoes,4311,175171.01,326785.51
2000,2000Q3,Outdoors,Outdoors,Anoraks & Parkas,1455,114538.00,204465.70
2000,2000Q3,Outdoors,Outdoors,Backpacks,1565,110410.07,209022.72
2000,2000Q3,Outdoors,Outdoors,Gloves & Mittens,316,7562.10,13123.30
2000,2000Q3,Outdoors,Outdoors,Knitted Accessories,209,2478.65,4224.20
2000,2000Q3,Outdoors,Outdoors,Outdoor Gear,4925,221231.23,390306.68
2000,2000Q3,Outdoors,Outdoors,Sleepingbags,4243,195212.20,384673.60
2000,2000Q3,Outdoors,Outdoors,Tents,1858,327773.45,667781.50
2000,2000Q3,Sports,Assorted Sports Articles,Assorted Sports articles,8728,305694.22,557402.52
2000,2000Q3,Sports,Assorted Sports Articles,Darts,1255,23093.65,39365.70
2000,2000Q3,Sports,Assorted Sports Articles,Petanque - Boule,934,23134.75,41772.40
2000,2000Q3,Sports,Assorted Sports Articles,Skates,5361,514154.05,1077435.00
2000,2000Q3,Sports,Golf,Golf,3979,210724.14,436212.74
2000,2000Q3,Sports,Golf,Golf Clothes,1431,110731.03,158330.83
2000,2000Q3,Sports,Indoor Sports,Fitness,541,52509.80,105373.90
2000,2000Q3,Sports,Indoor Sports,Gymnastic Clothing,348,9689.90,17146.20
2000,2000Q3,Sports,Indoor Sports,Top Trim,298,34017.85,60931.20
2000,2000Q3,Sports,Racket Sports,Badminton,157,18751.10,25360.80
2000,2000Q3,Sports,Racket Sports,Racket Sports,1104,97529.05,165035.10
2000,2000Q3,Sports,Racket Sports,Tennis,1078,27191.38,47097.88
2000,2000Q3,Sports,Running - Jogging,Jogging,2767,98527.72,172113.87
2000,2000Q3,Sports,Running - Jogging,Running Clothes,3943,93053.36,171896.46
2000,2000Q3,Sports,Swim Sports,Bathing Suits,3004,59923.15,103539.00
2000,2000Q3,Sports,Team Sports,American Football,1103,13326.86,25122.94
2000,2000Q3,Sports,Team Sports,Baseball,909,8433.83,15573.73
2000,2000Q3,Sports,Team Sports,Basket Ball,217,2760.58,4397.58
2000,2000Q3,Sports,Team Sports,Soccer,2587,47291.15,91645.40
2000,2000Q3,Sports,Winter Sports,Ski Dress,626,91873.35,161434.20
2000,2000Q3,Sports,Winter Sports,Winter Sports,1199,64740.95,114992.55
2000,2000Q4,Children,Children Sports,"A-Team, Kids",543,9631.59,17435.74
2000,2000Q4,Children,Children Sports,"Bathing Suits, Kids",92,1583.50,2722.40
2000,2000Q4,Children,Children Sports,"Eclipse, Kid's Clothes",1091,17039.05,34520.70
2000,2000Q4,Children,Children Sports,"Eclipse, Kid's Shoes",602,12715.16,25788.06
2000,2000Q4,Children,Children Sports,"Lucky Guy, Kids",538,13504.90,24478.00
2000,2000Q4,Children,Children Sports,"N.D. Gear, Kids",1474,38362.19,68761.24
2000,2000Q4,Children,Children Sports,"Olssons, Kids",423,3921.35,6575.40
2000,2000Q4,Children,Children Sports,Orion Kid's Clothes,31,439.10,884.40
2000,2000Q4,Children,Children Sports,"Osprey, Kids",837,13063.56,23545.06
2000,2000Q4,Children,Children Sports,Tracker Kid's Clothes,2276,41527.68,76648.58
2000,2000Q4,Children,Children Sports,"Ypsilon, Kids",239,5151.20,9127.10
2000,2000Q4,Clothes & Shoes,Clothes,Eclipse Clothing,6242,177781.45,357383.80
2000,2000Q4,Clothes & Shoes,Clothes,Green Tomato,359,9270.96,16009.46
2000,2000Q4,Clothes & Shoes,Clothes,Knitwear,1436,75644.30,132022.80
2000,2000Q4,Clothes & Shoes,Clothes,LSF,693,32933.83,65241.38
2000,2000Q4,Clothes & Shoes,Clothes,Leisure,674,29168.94,53328.14
2000,2000Q4,Clothes & Shoes,Clothes,Massif,72,10904.60,20813.80
2000,2000Q4,Clothes & Shoes,Clothes,Orion,1616,77548.78,148627.78
2000,2000Q4,Clothes & Shoes,Clothes,Orion Clothing,952,27988.05,53555.50
2000,2000Q4,Clothes & Shoes,Clothes,Osprey,528,18091.89,30927.24
2000,2000Q4,Clothes & Shoes,Clothes,Shorts,165,2508.10,4475.90
2000,2000Q4,Clothes & Shoes,Clothes,Stockings & Socks,577,5265.85,8903.00
2000,2000Q4,Clothes & Shoes,Clothes,Street Wear,928,37475.19,65048.94
2000,2000Q4,Clothes & Shoes,Clothes,T-Shirts,393,6275.35,11284.30
2000,2000Q4,Clothes & Shoes,Clothes,Tracker Clothes,5672,152079.12,282492.62
2000,2000Q4,Clothes & Shoes,Clothes,Twain,125,17008.95,32990.20
2000,2000Q4,Clothes & Shoes,Shoes,Eclipse Shoes,5216,257321.02,517964.42
2000,2000Q4,Clothes & Shoes,Shoes,Shoes,2284,118675.31,221648.56
2000,2000Q4,Clothes & Shoes,Shoes,Tracker Shoes,2933,122145.02,224944.12
2000,2000Q4,Outdoors,Outdoors,Anoraks & Parkas,3238,254761.27,460477.62
2000,2000Q4,Outdoors,Outdoors,Backpacks,1411,92640.90,174725.00
2000,2000Q4,Outdoors,Outdoors,Gloves & Mittens,683,16539.85,28644.30
2000,2000Q4,Outdoors,Outdoors,Knitted Accessories,516,6414.78,11070.68
2000,2000Q4,Outdoors,Outdoors,Outdoor Gear,2656,113955.55,201261.70
2000,2000Q4,Outdoors,Outdoors,Sleepingbags,2419,112989.55,222592.00
2000,2000Q4,Outdoors,Outdoors,Tents,1072,191251.40,386485.20
2000,2000Q4,Sports,Assorted Sports Articles,Assorted Sports articles,7738,265022.09,479901.85
2000,2000Q4,Sports,Assorted Sports Articles,Darts,2411,45726.55,77967.30
2000,2000Q4,Sports,Assorted Sports Articles,Petanque - Boule,498,12224.20,22120.30
2000,2000Q4,Sports,Assorted Sports Articles,Skates,3063,290973.00,600297.00
2000,2000Q4,Sports,Golf,Golf,2735,143613.57,295075.62
2000,2000Q4,Sports,Golf,Golf Clothes,896,76022.08,103682.83
2000,2000Q4,Sports,Indoor Sports,Fitness,698,72077.42,144310.92
2000,2000Q4,Sports,Indoor Sports,Gymnastic Clothing,492,12888.56,22941.96
2000,2000Q4,Sports,Indoor Sports,Top Trim,470,51115.07,94266.82
2000,2000Q4,Sports,Racket Sports,Badminton,228,28366.55,37390.20
2000,2000Q4,Sports,Racket Sports,Racket Sports,1266,111316.20,190717.10
2000,2000Q4,Sports,Racket Sports,Tennis,1087,27775.84,48377.44
2000,2000Q4,Sports,Running - Jogging,Jogging,1954,66493.53,118474.43
2000,2000Q4,Sports,Running - Jogging,Running Clothes,2805,69648.88,126369.33
2000,2000Q4,Sports,Swim Sports,Bathing Suits,1496,29786.25,50793.20
2000,2000Q4,Sports,Team Sports,American Football,723,9636.93,17351.20
2000,2000Q4,Sports,Team Sports,Baseball,739,7507.50,13218.70
2000,2000Q4,Sports,Team Sports,Basket Ball,264,3389.12,5376.22
2000,2000Q4,Sports,Team Sports,Soccer,2379,42440.81,83017.06
2000,2000Q4,Sports,Winter Sports,Ski Dress,1435,200689.60,353915.25
2000,2000Q4,Sports,Winter Sports,Winter Sports,2729,143356.23,258000.48
2001,2001Q1,Children,Children Sports,"A-Team, Kids",260,4400.95,7957.20
2001,2001Q1,Children,Children Sports,"Bathing Suits, Kids",81,1384.75,2394.30
2001,2001Q1,Children,Children Sports,"Eclipse, Kid's Clothes",471,7524.55,15135.00
2001,2001Q1,Children,Children Sports,"Eclipse, Kid's Shoes",300,6474.65,13007.30
2001,2001Q1,Children,Children Sports,"Lucky Guy, Kids",241,5439.60,9935.90
2001,2001Q1,Children,Children Sports,"N.D. Gear, Kids",701,18008.50,32189.90
2001,2001Q1,Children,Children Sports,"Olssons, Kids",206,1897.70,3211.80
2001,2001Q1,Children,Children Sports,Orion Kid's Clothes,10,209.80,422.30
2001,2001Q1,Children,Children Sports,"Osprey, Kids",405,6618.10,11926.40
2001,2001Q1,Children,Children Sports,Tracker Kid's Clothes,1010,18806.50,34478.10
2001,2001Q1,Children,Children Sports,"Ypsilon, Kids",102,2320.60,4111.10
2001,2001Q1,Clothes & Shoes,Clothes,Eclipse Clothing,2846,82145.35,164617.40
2001,2001Q1,Clothes & Shoes,Clothes,Green Tomato,150,4370.50,7284.00
2001,2001Q1,Clothes & Shoes,Clothes,Knitwear,1512,75969.48,133091.48
2001,2001Q1,Clothes & Shoes,Clothes,LSF,289,14907.05,28710.50
2001,2001Q1,Clothes & Shoes,Clothes,Leisure,344,15862.25,28693.90
2001,2001Q1,Clothes & Shoes,Clothes,Massif,41,6418.15,12249.60
2001,2001Q1,Clothes & Shoes,Clothes,Orion,779,38263.80,72821.10
2001,2001Q1,Clothes & Shoes,Clothes,Orion Clothing,456,13140.95,25130.10
2001,2001Q1,Clothes & Shoes,Clothes,Osprey,271,9126.20,15387.90
2001,2001Q1,Clothes & Shoes,Clothes,Shorts,146,2189.65,3907.10
2001,2001Q1,Clothes & Shoes,Clothes,Stockings & Socks,263,2479.15,4167.30
2001,2001Q1,Clothes & Shoes,Clothes,Street Wear,436,18403.35,31806.50
2001,2001Q1,Clothes & Shoes,Clothes,T-Shirts,336,5588.60,10003.80
2001,2001Q1,Clothes & Shoes,Clothes,Tracker Clothes,2515,68410.05,125967.70
2001,2001Q1,Clothes & Shoes,Clothes,Twain,77,10627.78,20789.47
2001,2001Q1,Clothes & Shoes,Shoes,Eclipse Shoes,3908,194683.20,391706.10
2001,2001Q1,Clothes & Shoes,Shoes,Shoes,1759,93756.55,174353.10
2001,2001Q1,Clothes & Shoes,Shoes,Tracker Shoes,2116,90265.95,166033.70
2001,2001Q1,Outdoors,Outdoors,Anoraks & Parkas,3311,275094.61,491234.16
2001,2001Q1,Outdoors,Outdoors,Backpacks,645,45798.40,86314.90
2001,2001Q1,Outdoors,Outdoors,Gloves & Mittens,311,8110.00,13997.10
2001,2001Q1,Outdoors,Outdoors,Knitted Accessories,527,6231.54,10812.74
2001,2001Q1,Outdoors,Outdoors,Outdoor Gear,1991,87643.60,155197.80
2001,2001Q1,Outdoors,Outdoors,Sleepingbags,1662,76454.20,150511.90
2001,2001Q1,Outdoors,Outdoors,Tents,709,130191.30,261784.50
2001,2001Q1,Sports,Assorted Sports Articles,Assorted Sports articles,4201,145961.30,264645.60
2001,2001Q1,Sports,Assorted Sports Articles,Darts,1216,23381.25,39838.90
2001,2001Q1,Sports,Assorted Sports Articles,Petanque - Boule,410,9905.45,17831.60
2001,2001Q1,Sports,Assorted Sports Articles,Skates,1961,189205.95,390192.60
2001,2001Q1,Sports,Golf,Golf,1529,78176.20,160181.00
2001,2001Q1,Sports,Golf,Golf Clothes,527,42292.70,58726.70
2001,2001Q1,Sports,Indoor Sports,Fitness,558,42007.84,85025.04
2001,2001Q1,Sports,Indoor Sports,Gymnastic Clothing,287,7693.91,13695.16
2001,2001Q1,Sports,Indoor Sports,Top Trim,277,27318.50,48827.20
2001,2001Q1,Sports,Racket Sports,Badminton,127,12913.55,17447.90
2001,2001Q1,Sports,Racket Sports,Racket Sports,578,46883.20,80469.90
2001,2001Q1,Sports,Racket Sports,Tennis,521,14140.25,24242.90
2001,2001Q1,Sports,Running - Jogging,Jogging,1440,51709.15,90240.40
2001,2001Q1,Sports,Running - Jogging,Running Clothes,2148,52945.30,95349.90
2001,2001Q1,Sports,Swim Sports,Bathing Suits,1127,23239.85,39737.70
2001,2001Q1,Sports,Team Sports,American Football,356,4934.81,8803.83
2001,2001Q1,Sports,Team Sports,Baseball,333,3137.45,5703.70
2001,2001Q1,Sports,Team Sports,Basket Ball,168,2178.48,3439.83
2001,2001Q1,Sports,Team Sports,Soccer,1216,22471.30,43125.10
2001,2001Q1,Sports,Winter Sports,Ski Dress,1517,208741.68,373279.23
2001,2001Q1,Sports,Winter Sports,Winter Sports,2722,149392.17,266562.47
2001,2001Q2,Children,Children Sports,"A-Team, Kids",486,7939.45,14354.70
2001,2001Q2,Children,Children Sports,"Bathing Suits, Kids",162,2930.33,5052.48
2001,2001Q2,Children,Children Sports,"Eclipse, Kid's Clothes",1088,17082.14,34257.79
2001,2001Q2,Children,Children Sports,"Eclipse, Kid's Shoes",629,13569.09,27466.34
2001,2001Q2,Children,Children Sports,"Lucky Guy, Kids",553,12789.50,23294.40
2001,2001Q2,Children,Children Sports,"N.D. Gear, Kids",1476,39146.35,70045.50
2001,2001Q2,Children,Children Sports,"Olssons, Kids",491,4804.70,8059.20
2001,2001Q2,Children,Children Sports,Orion Kid's Clothes,25,464.20,934.70
2001,2001Q2,Children,Children Sports,"Osprey, Kids",838,12854.47,23423.07
2001,2001Q2,Children,Children Sports,Tracker Kid's Clothes,2306,43081.39,79298.79
2001,2001Q2,Children,Children Sports,"Ypsilon, Kids",257,5643.70,9999.70
2001,2001Q2,Clothes & Shoes,Clothes,Eclipse Clothing,5626,159617.77,320641.67
2001,2001Q2,Clothes & Shoes,Clothes,Green Tomato,346,9755.35,16263.20
2001,2001Q2,Clothes & Shoes,Clothes,Knitwear,892,47087.05,82131.20
2001,2001Q2,Clothes & Shoes,Clothes,LSF,646,33198.65,63659.60
2001,2001Q2,Clothes & Shoes,Clothes,Leisure,665,31427.30,56815.60
2001,2001Q2,Clothes & Shoes,Clothes,Massif,61,9652.70,18422.70
2001,2001Q2,Clothes & Shoes,Clothes,Orion,1449,70666.08,135304.68
2001,2001Q2,Clothes & Shoes,Clothes,Orion Clothing,859,25353.39,48834.34
2001,2001Q2,Clothes & Shoes,Clothes,Osprey,541,18267.35,31005.50
2001,2001Q2,Clothes & Shoes,Clothes,Shorts,262,3774.65,6761.10
2001,2001Q2,Clothes & Shoes,Clothes,Stockings & Socks,428,3857.25,6501.20
2001,2001Q2,Clothes & Shoes,Clothes,Street Wear,943,40528.62,70215.37
2001,2001Q2,Clothes & Shoes,Clothes,T-Shirts,623,9782.60,18033.40
2001,2001Q2,Clothes & Shoes,Clothes,Tracker Clothes,5107,137756.39,253540.29
2001,2001Q2,Clothes & Shoes,Clothes,Twain,148,20921.88,40876.07
2001,2001Q2,Clothes & Shoes,Shoes,Eclipse Shoes,6092,298666.36,604671.56
2001,2001Q2,Clothes & Shoes,Shoes,Shoes,2742,147483.95,274083.55
2001,2001Q2,Clothes & Shoes,Shoes,Tracker Shoes,3246,135879.66,250277.51
2001,2001Q2,Outdoors,Outdoors,Anoraks & Parkas,2243,182233.01,326998.16
2001,2001Q2,Outdoors,Outdoors,Backpacks,1708,115082.48,219388.78
2001,2001Q2,Outdoors,Outdoors,Gloves & Mittens,277,6956.45,12100.00
2001,2001Q2,Outdoors,Outdoors,Knitted Accessories,185,2184.10,3688.80
2001,2001Q2,Outdoors,Outdoors,Outdoor Gear,5049,218366.04,388661.34
2001,2001Q2,Outdoors,Outdoors,Sleepingbags,4202,189792.10,374115.20
2001,2001Q2,Outdoors,Outdoors,Tents,1797,329385.75,666669.40
2001,2001Q2,Sports,Assorted Sports Articles,Assorted Sports articles,6939,245135.84,444330.69
2001,2001Q2,Sports,Assorted Sports Articles,Darts,1171,21818.00,37191.50
2001,2001Q2,Sports,Assorted Sports Articles,Petanque - Boule,1136,27900.70,50446.80
2001,2001Q2,Sports,Assorted Sports Articles,Skates,4947,451698.60,962485.50
2001,2001Q2,Sports,Golf,Golf,3349,177456.68,371941.48
2001,2001Q2,Sports,Golf,Golf Clothes,1169,95503.64,132370.64
2001,2001Q2,Sports,Indoor Sports,Fitness,254,20532.80,41208.70
2001,2001Q2,Sports,Indoor Sports,Gymnastic Clothing,170,4567.95,8087.50
2001,2001Q2,Sports,Indoor Sports,Top Trim,156,17004.60,30613.20
2001,2001Q2,Sports,Racket Sports,Badminton,76,11589.95,15037.50
2001,2001Q2,Sports,Racket Sports,Racket Sports,945,83978.60,142454.10
2001,2001Q2,Sports,Racket Sports,Tennis,1433,38117.93,66206.78
2001,2001Q2,Sports,Running - Jogging,Jogging,2370,82542.53,144683.78
2001,2001Q2,Sports,Running - Jogging,Running Clothes,3258,80306.81,145057.96
2001,2001Q2,Sports,Swim Sports,Bathing Suits,3277,65354.08,113688.73
2001,2001Q2,Sports,Team Sports,American Football,917,12336.45,22128.54
2001,2001Q2,Sports,Team Sports,Baseball,806,8145.99,14413.29
2001,2001Q2,Sports,Team Sports,Basket Ball,109,1349.70,2177.35
2001,2001Q2,Sports,Team Sports,Soccer,3527,64959.90,127046.75
2001,2001Q2,Sports,Winter Sports,Ski Dress,496,72229.90,126979.00
2001,2001Q2,Sports,Winter Sports,Winter Sports,962,54820.85,97514.10
2001,2001Q3,Children,Children Sports,"A-Team, Kids",563,8819.14,16399.59
2001,2001Q3,Children,Children Sports,"Bathing Suits, Kids",199,3588.15,6162.40
2001,2001Q3,Children,Children Sports,"Eclipse, Kid's Clothes",1187,19504.86,39217.86
2001,2001Q3,Children,Children Sports,"Eclipse, Kid's Shoes",740,15608.21,31499.11
2001,2001Q3,Children,Children Sports,"Lucky Guy, Kids",540,12749.15,23165.90
2001,2001Q3,Children,Children Sports,"N.D. Gear, Kids",1515,39982.28,72023.48
2001,2001Q3,Children,Children Sports,"Olssons, Kids",499,4403.55,7392.30
2001,2001Q3,Children,Children Sports,Orion Kid's Clothes,15,281.20,566.20
2001,2001Q3,Children,Children Sports,"Osprey, Kids",912,14212.64,25676.89
2001,2001Q3,Children,Children Sports,Tracker Kid's Clothes,2356,41366.20,76705.70
2001,2001Q3,Children,Children Sports,"Ypsilon, Kids",233,5321.05,9430.80
2001,2001Q3,Clothes & Shoes,Clothes,Eclipse Clothing,6104,170386.35,344639.15
2001,2001Q3,Clothes & Shoes,Clothes,Green Tomato,383,10026.53,17038.78
2001,2001Q3,Clothes & Shoes,Clothes,Knitwear,633,31543.80,55058.60
2001,2001Q3,Clothes & Shoes,Clothes,LSF,692,36469.20,70266.20
2001,2001Q3,Clothes & Shoes,Clothes,Leisure,668,30308.42,54974.32
2001,2001Q3,Clothes & Shoes,Clothes,Massif,64,9938.80,18968.80
2001,2001Q3,Clothes & Shoes,Clothes,Orion,1638,79430.44,151846.24
2001,2001Q3,Clothes & Shoes,Clothes,Orion Clothing,916,25416.09,48722.24
2001,2001Q3,Clothes & Shoes,Clothes,Osprey,566,19266.35,33014.00
2001,2001Q3,Clothes & Shoes,Clothes,Shorts,264,3663.61,6665.66
2001,2001Q3,Clothes & Shoes,Clothes,Stockings & Socks,482,4404.71,7522.11
2001,2001Q3,Clothes & Shoes,Clothes,Street Wear,836,34577.99,59540.19
2001,2001Q3,Clothes & Shoes,Clothes,T-Shirts,756,12605.20,22559.50
2001,2001Q3,Clothes & Shoes,Clothes,Tracker Clothes,5280,141060.67,262214.32
2001,2001Q3,Clothes & Shoes,Clothes,Twain,138,19323.40,37225.40
2001,2001Q3,Clothes & Shoes,Shoes,Eclipse Shoes,6371,317581.22,642071.32
2001,2001Q3,Clothes & Shoes,Shoes,Shoes,2791,148702.45,277404.95
2001,2001Q3,Clothes & Shoes,Shoes,Tracker Shoes,3377,136565.61,254908.61
2001,2001Q3,Outdoors,Outdoors,Anoraks & Parkas,1285,103087.75,183940.10
2001,2001Q3,Outdoors,Outdoors,Backpacks,1459,100603.08,189967.18
2001,2001Q3,Outdoors,Outdoors,Gloves & Mittens,290,6981.20,12124.00
2001,2001Q3,Outdoors,Outdoors,Knitted Accessories,186,2263.35,3856.80
2001,2001Q3,Outdoors,Outdoors,Outdoor Gear,4251,190108.24,335993.39
2001,2001Q3,Outdoors,Outdoors,Sleepingbags,3587,168217.70,331280.20
2001,2001Q3,Outdoors,Outdoors,Tents,1673,302428.45,610699.00
2001,2001Q3,Sports,Assorted Sports Articles,Assorted Sports articles,7179,251979.49,457851.24
2001,2001Q3,Sports,Assorted Sports Articles,Darts,991,18822.30,32075.30
2001,2001Q3,Sports,Assorted Sports Articles,Petanque - Boule,872,21219.65,38342.10
2001,2001Q3,Sports,Assorted Sports Articles,Skates,4413,417161.03,873089.38
2001,2001Q3,Sports,Golf,Golf,3229,162799.81,337194.51
2001,2001Q3,Sports,Golf,Golf Clothes,1074,83380.96,117781.31
2001,2001Q3,Sports,Indoor Sports,Fitness,396,32046.80,64144.80
2001,2001Q3,Sports,Indoor Sports,Gymnastic Clothing,287,7050.60,12423.10
2001,2001Q3,Sports,Indoor Sports,Top Trim,272,29156.10,52245.20
2001,2001Q3,Sports,Racket Sports,Badminton,131,11725.40,16688.30
2001,2001Q3,Sports,Racket Sports,Racket Sports,1077,91649.30,157367.10
2001,2001Q3,Sports,Racket Sports,Tennis,959,23983.42,41269.02
2001,2001Q3,Sports,Running - Jogging,Jogging,2251,79491.70,139247.20
2001,2001Q3,Sports,Running - Jogging,Running Clothes,3494,86106.33,158167.63
2001,2001Q3,Sports,Swim Sports,Bathing Suits,2705,54835.05,94721.70
2001,2001Q3,Sports,Team Sports,American Football,845,10287.70,19477.41
2001,2001Q3,Sports,Team Sports,Baseball,754,6963.36,12829.31
2001,2001Q3,Sports,Team Sports,Basket Ball,193,2377.62,3844.87
2001,2001Q3,Sports,Team Sports,Soccer,2316,41941.17,80890.77
2001,2001Q3,Sports,Winter Sports,Ski Dress,530,74678.25,131573.70
2001,2001Q3,Sports,Winter Sports,Winter Sports,953,53210.30,94691.70
2001,2001Q4,Children,Children Sports,"A-Team, Kids",449,7524.94,13664.84
2001,2001Q4,Children,Children Sports,"Bathing Suits, Kids",91,1629.55,2795.00
2001,2001Q4,Children,Children Sports,"Eclipse, Kid's Clothes",848,13837.19,27845.64
2001,2001Q4,Children,Children Sports,"Eclipse, Kid's Shoes",595,12189.90,24826.20
2001,2001Q4,Children,Children Sports,"Lucky Guy, Kids",551,11769.05,21556.80
2001,2001Q4,Children,Children Sports,"N.D. Gear, Kids",1327,35398.02,63285.32
2001,2001Q4,Children,Children Sports,"Olssons, Kids",371,3393.75,5737.90
2001,2001Q4,Children,Children Sports,Orion Kid's Clothes,36,859.80,1730.10
2001,2001Q4,Children,Children Sports,"Osprey, Kids",766,11734.33,21287.98
2001,2001Q4,Children,Children Sports,Tracker Kid's Clothes,2010,35462.48,65294.58
2001,2001Q4,Children,Children Sports,"Ypsilon, Kids",240,5435.60,9627.60
2001,2001Q4,Clothes & Shoes,Clothes,Eclipse Clothing,5109,143526.20,288906.20
2001,2001Q4,Clothes & Shoes,Clothes,Green Tomato,301,8387.05,14447.00
2001,2001Q4,Clothes & Shoes,Clothes,Knitwear,1081,57290.40,100126.90
2001,2001Q4,Clothes & Shoes,Clothes,LSF,601,29511.63,57776.28
2001,2001Q4,Clothes & Shoes,Clothes,Leisure,555,25857.30,46757.80
2001,2001Q4,Clothes & Shoes,Clothes,Massif,67,10407.95,19864.20
2001,2001Q4,Clothes & Shoes,Clothes,Orion,1252,61809.59,119149.44
2001,2001Q4,Clothes & Shoes,Clothes,Orion Clothing,766,20855.81,40038.46
2001,2001Q4,Clothes & Shoes,Clothes,Osprey,494,16170.54,27530.24
2001,2001Q4,Clothes & Shoes,Clothes,Shorts,133,2120.85,3773.40
2001,2001Q4,Clothes & Shoes,Clothes,Stockings & Socks,526,4849.40,8220.50
2001,2001Q4,Clothes & Shoes,Clothes,Street Wear,709,27466.30,47478.40
2001,2001Q4,Clothes & Shoes,Clothes,T-Shirts,333,5294.55,9501.20
2001,2001Q4,Clothes & Shoes,Clothes,Tracker Clothes,4409,118537.36,220603.16
2001,2001Q4,Clothes & Shoes,Clothes,Twain,105,14314.83,28059.08
2001,2001Q4,Clothes & Shoes,Shoes,Eclipse Shoes,4350,213616.02,430365.52
2001,2001Q4,Clothes & Shoes,Shoes,Shoes,2076,109573.32,204982.02
2001,2001Q4,Clothes & Shoes,Shoes,Tracker Shoes,2519,107357.87,197815.82
2001,2001Q4,Outdoors,Outdoors,Anoraks & Parkas,2705,213020.11,384412.26
2001,2001Q4,Outdoors,Outdoors,Backpacks,1152,83514.25,157175.90
2001,2001Q4,Outdoors,Outdoors,Gloves & Mittens,616,15519.95,26825.10
2001,2001Q4,Outdoors,Outdoors,Knitted Accessories,437,5154.15,8839.80
2001,2001Q4,Outdoors,Outdoors,Outdoor Gear,2240,96273.75,170270.30
2001,2001Q4,Outdoors,Outdoors,Sleepingbags,2130,97837.90,192715.90
2001,2001Q4,Outdoors,Outdoors,Tents,903,164364.95,334582.50
2001,2001Q4,Sports,Assorted Sports Articles,Assorted Sports articles,6295,223198.06,405814.76
2001,2001Q4,Sports,Assorted Sports Articles,Darts,2281,43525.90,74213.90
2001,2001Q4,Sports,Assorted Sports Articles,Petanque - Boule,476,11585.70,20909.70
2001,2001Q4,Sports,Assorted Sports Articles,Skates,2294,216547.15,450623.60
2001,2001Q4,Sports,Golf,Golf,2384,131487.17,270341.17
2001,2001Q4,Sports,Golf,Golf Clothes,780,64740.34,88638.69
2001,2001Q4,Sports,Indoor Sports,Fitness,619,59906.43,120162.18
2001,2001Q4,Sports,Indoor Sports,Gymnastic Clothing,349,9343.93,16622.58
2001,2001Q4,Sports,Indoor Sports,Top Trim,298,30573.29,56340.64
2001,2001Q4,Sports,Racket Sports,Badminton,201,27969.90,36130.60
2001,2001Q4,Sports,Racket Sports,Racket Sports,1148,103294.10,174245.80
2001,2001Q4,Sports,Racket Sports,Tennis,926,24122.98,41829.23
2001,2001Q4,Sports,Running - Jogging,Jogging,1577,54408.74,96420.99
2001,2001Q4,Sports,Running - Jogging,Running Clothes,2432,57557.39,104704.79
2001,2001Q4,Sports,Swim Sports,Bathing Suits,1332,28450.10,48542.00
2001,2001Q4,Sports,Team Sports,American Football,710,9141.93,16828.57
2001,2001Q4,Sports,Team Sports,Baseball,596,6059.44,10620.94
2001,2001Q4,Sports,Team Sports,Basket Ball,222,2863.48,4532.48
2001,2001Q4,Sports,Team Sports,Soccer,2189,40565.15,78920.05
2001,2001Q4,Sports,Winter Sports,Ski Dress,1293,187396.14,329550.84
2001,2001Q4,Sports,Winter Sports,Winter Sports,2638,144591.30,261052.45
2002,2002Q1,Children,Children Sports,"A-Team, Kids",219,3799.30,6866.70
2002,2002Q1,Children,Children Sports,"Bathing Suits, Kids",92,1617.70,2801.60
2002,2002Q1,Children,Children Sports,"Eclipse, Kid's Clothes",538,9039.05,18118.90
2002,2002Q1,Children,Children Sports,"Eclipse, Kid's Shoes",336,7298.25,14661.50
2002,2002Q1,Children,Children Sports,"Lucky Guy, Kids",280,6247.85,11416.20
2002,2002Q1,Children,Children Sports,"N.D. Gear, Kids",720,19528.55,34897.50
2002,2002Q1,Children,Children Sports,"Olssons, Kids",218,1952.80,3269.70
2002,2002Q1,Children,Children Sports,Orion Kid's Clothes,14,256.20,515.90
2002,2002Q1,Children,Children Sports,"Osprey, Kids",465,7370.75,13340.70
2002,2002Q1,Children,Children Sports,Tracker Kid's Clothes,1184,21553.55,39517.50
2002,2002Q1,Children,Children Sports,"Ypsilon, Kids",117,2475.50,4386.60
2002,2002Q1,Clothes & Shoes,Clothes,Eclipse Clothing,2740,77701.95,155700.20
2002,2002Q1,Clothes & Shoes,Clothes,Green Tomato,168,4826.30,8045.50
2002,2002Q1,Clothes & Shoes,Clothes,Knitwear,1399,74232.53,129822.98
2002,2002Q1,Clothes & Shoes,Clothes,LSF,325,17010.20,32791.60
2002,2002Q1,Clothes & Shoes,Clothes,Leisure,318,14147.30,25626.30
2002,2002Q1,Clothes & Shoes,Clothes,Massif,32,5100.15,9733.90
2002,2002Q1,Clothes & Shoes,Clothes,Orion,664,33389.05,63403.40
2002,2002Q1,Clothes & Shoes,Clothes,Orion Clothing,442,13076.20,25009.50
2002,2002Q1,Clothes & Shoes,Clothes,Osprey,241,7794.80,13140.90
2002,2002Q1,Clothes & Shoes,Clothes,Shorts,119,1665.75,2986.10
2002,2002Q1,Clothes & Shoes,Clothes,Stockings & Socks,232,2174.50,3692.40
2002,2002Q1,Clothes & Shoes,Clothes,Street Wear,421,17592.90,30401.40
2002,2002Q1,Clothes & Shoes,Clothes,T-Shirts,388,6514.80,11676.90
2002,2002Q1,Clothes & Shoes,Clothes,Tracker Clothes,2520,68550.00,126096.50
2002,2002Q1,Clothes & Shoes,Clothes,Twain,67,9320.32,18284.73
2002,2002Q1,Clothes & Shoes,Shoes,Eclipse Shoes,4202,206316.90,415397.90
2002,2002Q1,Clothes & Shoes,Shoes,Shoes,1970,106128.05,196485.80
2002,2002Q1,Clothes & Shoes,Shoes,Tracker Shoes,2392,99121.10,182536.90
2002,2002Q1,Outdoors,Outdoors,Anoraks & Parkas,3465,281997.69,503776.44
2002,2002Q1,Outdoors,Outdoors,Backpacks,655,43665.75,82472.40
2002,2002Q1,Outdoors,Outdoors,Gloves & Mittens,317,7515.80,13057.50
2002,2002Q1,Outdoors,Outdoors,Knitted Accessories,422,5040.01,8672.56
2002,2002Q1,Outdoors,Outdoors,Outdoor Gear,2081,92439.40,163232.90
2002,2002Q1,Outdoors,Outdoors,Sleepingbags,1759,81254.30,159951.10
2002,2002Q1,Outdoors,Outdoors,Tents,818,151894.40,305813.90
2002,2002Q1,Sports,Assorted Sports Articles,Assorted Sports articles,4012,138444.65,250449.35
2002,2002Q1,Sports,Assorted Sports Articles,Darts,1226,23131.20,39433.40
2002,2002Q1,Sports,Assorted Sports Articles,Petanque - Boule,411,10018.05,18090.40
2002,2002Q1,Sports,Assorted Sports Articles,Skates,1942,185717.90,384703.70
2002,2002Q1,Sports,Golf,Golf,1654,91135.40,186606.40
2002,2002Q1,Sports,Golf,Golf Clothes,540,41645.90,58741.20
2002,2002Q1,Sports,Indoor Sports,Fitness,514,51669.10,102889.70
2002,2002Q1,Sports,Indoor Sports,Gymnastic Clothing,340,9255.73,16431.18
2002,2002Q1,Sports,Indoor Sports,Top Trim,335,36919.00,66209.30
2002,2002Q1,Sports,Racket Sports,Badminton,125,13589.90,18493.30
2002,2002Q1,Sports,Racket Sports,Racket Sports,536,42952.20,74189.50
2002,2002Q1,Sports,Racket Sports,Tennis,507,13208.95,22737.50
2002,2002Q1,Sports,Running - Jogging,Jogging,1524,54407.95,95039.50
2002,2002Q1,Sports,Running - Jogging,Running Clothes,2335,60493.10,108786.30
2002,2002Q1,Sports,Swim Sports,Bathing Suits,1194,25312.80,43163.80
2002,2002Q1,Sports,Team Sports,American Football,364,5049.72,8958.28
2002,2002Q1,Sports,Team Sports,Baseball,336,3053.60,5534.00
2002,2002Q1,Sports,Team Sports,Basket Ball,173,2094.50,3415.05
2002,2002Q1,Sports,Team Sports,Soccer,1288,24050.75,46040.20
2002,2002Q1,Sports,Winter Sports,Ski Dress,1526,209548.91,372969.06
2002,2002Q1,Sports,Winter Sports,Winter Sports,2778,149387.88,265869.43
2002,2002Q2,Children,Children Sports,"A-Team, Kids",662,10525.70,19016.10
2002,2002Q2,Children,Children Sports,"Bathing Suits, Kids",271,4590.06,7932.61
2002,2002Q2,Children,Children Sports,"Eclipse, Kid's Clothes",1229,20736.21,41601.16
2002,2002Q2,Children,Children Sports,"Eclipse, Kid's Shoes",805,16897.21,34121.16
2002,2002Q2,Children,Children Sports,"Lucky Guy, Kids",599,14919.05,26997.20
2002,2002Q2,Children,Children Sports,"N.D. Gear, Kids",1823,47881.38,85753.43
2002,2002Q2,Children,Children Sports,"Olssons, Kids",530,4854.95,8136.70
2002,2002Q2,Children,Children Sports,Orion Kid's Clothes,39,774.00,1558.20
2002,2002Q2,Children,Children Sports,"Osprey, Kids",1010,16364.46,29534.06
2002,2002Q2,Children,Children Sports,Tracker Kid's Clothes,2895,52430.61,96240.01
2002,2002Q2,Children,Children Sports,"Ypsilon, Kids",292,6469.35,11463.90
2002,2002Q2,Clothes & Shoes,Clothes,Eclipse Clothing,5866,168167.72,337558.92
2002,2002Q2,Clothes & Shoes,Clothes,Green Tomato,338,10033.40,16721.80
2002,2002Q2,Clothes & Shoes,Clothes,Knitwear,947,48550.15,84475.80
2002,2002Q2,Clothes & Shoes,Clothes,LSF,624,32034.80,61617.50
2002,2002Q2,Clothes & Shoes,Clothes,Leisure,571,24609.35,44626.50
2002,2002Q2,Clothes & Shoes,Clothes,Massif,81,12797.80,24425.30
2002,2002Q2,Clothes & Shoes,Clothes,Orion,1498,75422.69,144679.44
2002,2002Q2,Clothes & Shoes,Clothes,Orion Clothing,904,25612.60,49193.00
2002,2002Q2,Clothes & Shoes,Clothes,Osprey,522,17857.45,30168.10
2002,2002Q2,Clothes & Shoes,Clothes,Shorts,233,3424.90,6123.90
2002,2002Q2,Clothes & Shoes,Clothes,Stockings & Socks,454,4237.65,7166.60
2002,2002Q2,Clothes & Shoes,Clothes,Street Wear,834,33827.06,58841.86
2002,2002Q2,Clothes & Shoes,Clothes,T-Shirts,655,9840.44,18140.09
2002,2002Q2,Clothes & Shoes,Clothes,Tracker Clothes,5116,141852.22,261717.82
2002,2002Q2,Clothes & Shoes,Clothes,Twain,113,16144.50,31879.60
2002,2002Q2,Clothes & Shoes,Shoes,Eclipse Shoes,7060,347787.39,702804.59
2002,2002Q2,Clothes & Shoes,Shoes,Shoes,3175,172755.36,321354.26
2002,2002Q2,Clothes & Shoes,Shoes,Tracker Shoes,3917,162324.26,299897.21
2002,2002Q2,Outdoors,Outdoors,Anoraks & Parkas,2518,198058.32,355448.97
2002,2002Q2,Outdoors,Outdoors,Backpacks,1771,118116.27,226147.42
2002,2002Q2,Outdoors,Outdoors,Gloves & Mittens,309,7601.10,13032.40
2002,2002Q2,Outdoors,Outdoors,Knitted Accessories,207,2458.30,4169.20
2002,2002Q2,Outdoors,Outdoors,Outdoor Gear,5291,228632.38,406024.88
2002,2002Q2,Outdoors,Outdoors,Sleepingbags,4503,207331.10,408382.20
2002,2002Q2,Outdoors,Outdoors,Tents,1967,367242.20,737287.50
2002,2002Q2,Sports,Assorted Sports Articles,Assorted Sports articles,7591,275401.34,499683.68
2002,2002Q2,Sports,Assorted Sports Articles,Darts,1161,21719.50,37003.30
2002,2002Q2,Sports,Assorted Sports Articles,Petanque - Boule,1301,31578.10,57075.00
2002,2002Q2,Sports,Assorted Sports Articles,Skates,5130,472707.62,996883.02
2002,2002Q2,Sports,Golf,Golf,3877,206982.12,431492.72
2002,2002Q2,Sports,Golf,Golf Clothes,1314,102988.06,144363.86
2002,2002Q2,Sports,Indoor Sports,Fitness,342,33548.25,67608.70
2002,2002Q2,Sports,Indoor Sports,Gymnastic Clothing,223,5821.20,10262.70
2002,2002Q2,Sports,Indoor Sports,Top Trim,187,20542.55,36881.70
2002,2002Q2,Sports,Racket Sports,Badminton,88,13079.85,16947.40
2002,2002Q2,Sports,Racket Sports,Racket Sports,977,78666.10,134981.10
2002,2002Q2,Sports,Racket Sports,Tennis,1565,41115.76,71241.11
2002,2002Q2,Sports,Running - Jogging,Jogging,2406,87511.98,152897.88
2002,2002Q2,Sports,Running - Jogging,Running Clothes,3856,92467.75,167118.65
2002,2002Q2,Sports,Swim Sports,Bathing Suits,3704,74303.54,127853.59
2002,2002Q2,Sports,Team Sports,American Football,1115,15111.25,27149.26
2002,2002Q2,Sports,Team Sports,Baseball,1008,10035.61,17746.61
2002,2002Q2,Sports,Team Sports,Basket Ball,136,1683.44,2716.19
2002,2002Q2,Sports,Team Sports,Soccer,3285,57621.61,112509.11
2002,2002Q2,Sports,Winter Sports,Ski Dress,516,74294.50,130470.90
2002,2002Q2,Sports,Winter Sports,Winter Sports,1044,57669.50,102459.40
2002,2002Q3,Children,Children Sports,"A-Team, Kids",656,10379.02,19201.17
2002,2002Q3,Children,Children Sports,"Bathing Suits, Kids",254,4179.10,7203.60
2002,2002Q3,Children,Children Sports,"Eclipse, Kid's Clothes",1474,23070.57,46540.32
2002,2002Q3,Children,Children Sports,"Eclipse, Kid's Shoes",921,19333.77,38968.42
2002,2002Q3,Children,Children Sports,"Lucky Guy, Kids",709,17706.10,31897.80
2002,2002Q3,Children,Children Sports,"N.D. Gear, Kids",2165,58258.01,104920.01
2002,2002Q3,Children,Children Sports,"Olssons, Kids",552,5173.30,8652.80
2002,2002Q3,Children,Children Sports,Orion Kid's Clothes,35,714.20,1437.70
2002,2002Q3,Children,Children Sports,"Osprey, Kids",1167,19038.52,34494.32
2002,2002Q3,Children,Children Sports,Tracker Kid's Clothes,3161,56038.48,103788.88
2002,2002Q3,Children,Children Sports,"Ypsilon, Kids",348,7665.05,13582.20
2002,2002Q3,Clothes & Shoes,Clothes,Eclipse Clothing,7064,196834.31,396453.86
2002,2002Q3,Clothes & Shoes,Clothes,Green Tomato,445,12981.81,21906.71
2002,2002Q3,Clothes & Shoes,Clothes,Knitwear,792,38124.80,66429.40
2002,2002Q3,Clothes & Shoes,Clothes,LSF,784,40188.50,77302.60
2002,2002Q3,Clothes & Shoes,Clothes,Leisure,748,34720.12,62895.22
2002,2002Q3,Clothes & Shoes,Clothes,Massif,59,9217.90,17592.90
2002,2002Q3,Clothes & Shoes,Clothes,Orion,1707,83634.09,160370.19
2002,2002Q3,Clothes & Shoes,Clothes,Orion Clothing,1064,30805.83,59242.23
2002,2002Q3,Clothes & Shoes,Clothes,Osprey,594,19935.15,33889.10
2002,2002Q3,Clothes & Shoes,Clothes,Shorts,329,4347.53,8112.03
2002,2002Q3,Clothes & Shoes,Clothes,Stockings & Socks,636,5789.23,9901.28
2002,2002Q3,Clothes & Shoes,Clothes,Street Wear,1093,42694.29,73876.59
2002,2002Q3,Clothes & Shoes,Clothes,T-Shirts,880,14872.40,26607.90
2002,2002Q3,Clothes & Shoes,Clothes,Tracker Clothes,6201,164058.97,304687.67
2002,2002Q3,Clothes & Shoes,Clothes,Twain,144,20598.68,40237.28
2002,2002Q3,Clothes & Shoes,Shoes,Eclipse Shoes,7239,361886.80,730896.25
2002,2002Q3,Clothes & Shoes,Shoes,Shoes,3345,183383.16,340427.96
2002,2002Q3,Clothes & Shoes,Shoes,Tracker Shoes,4060,166378.76,310101.61
2002,2002Q3,Outdoors,Outdoors,Anoraks & Parkas,1459,118857.65,211904.90
2002,2002Q3,Outdoors,Outdoors,Backpacks,1589,106178.86,200897.16
2002,2002Q3,Outdoors,Outdoors,Gloves & Mittens,346,8620.35,14946.80
2002,2002Q3,Outdoors,Outdoors,Knitted Accessories,199,2452.65,4191.80
2002,2002Q3,Outdoors,Outdoors,Outdoor Gear,5204,219437.36,388148.51
2002,2002Q3,Outdoors,Outdoors,Sleepingbags,4209,194732.50,383720.80
2002,2002Q3,Outdoors,Outdoors,Tents,1806,329081.20,663071.10
2002,2002Q3,Sports,Assorted Sports Articles,Assorted Sports articles,9026,308778.40,563197.95
2002,2002Q3,Sports,Assorted Sports Articles,Darts,1219,23029.95,39242.90
2002,2002Q3,Sports,Assorted Sports Articles,Petanque - Boule,1175,28291.70,51226.60
2002,2002Q3,Sports,Assorted Sports Articles,Skates,5102,474326.59,987167.94
2002,2002Q3,Sports,Golf,Golf,3917,206493.12,426945.32
2002,2002Q3,Sports,Golf,Golf Clothes,1302,102041.13,144497.53
2002,2002Q3,Sports,Indoor Sports,Fitness,604,57933.30,114689.00
2002,2002Q3,Sports,Indoor Sports,Gymnastic Clothing,394,10548.95,18714.70
2002,2002Q3,Sports,Indoor Sports,Top Trim,365,41909.40,75215.30
2002,2002Q3,Sports,Racket Sports,Badminton,144,17031.05,22909.30
2002,2002Q3,Sports,Racket Sports,Racket Sports,1267,102938.20,178123.10
2002,2002Q3,Sports,Racket Sports,Tennis,1085,29572.93,51190.23
2002,2002Q3,Sports,Running - Jogging,Jogging,2478,87310.20,152525.90
2002,2002Q3,Sports,Running - Jogging,Running Clothes,3997,95463.54,174713.29
2002,2002Q3,Sports,Swim Sports,Bathing Suits,3649,73296.25,126817.95
2002,2002Q3,Sports,Team Sports,American Football,1417,17552.16,32824.09
2002,2002Q3,Sports,Team Sports,Baseball,1230,11490.69,20958.59
2002,2002Q3,Sports,Team Sports,Basket Ball,352,4347.52,7021.92
2002,2002Q3,Sports,Team Sports,Soccer,2706,48748.62,94286.92
2002,2002Q3,Sports,Winter Sports,Ski Dress,505,75256.40,131884.80
2002,2002Q3,Sports,Winter Sports,Winter Sports,933,52940.85,93873.75
2002,2002Q4,Children,Children Sports,"A-Team, Kids",779,13296.42,24109.72
2002,2002Q4,Children,Children Sports,"Bathing Suits, Kids",124,2234.15,3845.10
2002,2002Q4,Children,Children Sports,"Eclipse, Kid's Clothes",1386,22391.84,45032.84
2002,2002Q4,Children,Children Sports,"Eclipse, Kid's Shoes",828,17454.79,35329.94
2002,2002Q4,Children,Children Sports,"Lucky Guy, Kids",731,17826.50,32316.80
2002,2002Q4,Children,Children Sports,"N.D. Gear, Kids",2078,56768.43,101752.28
2002,2002Q4,Children,Children Sports,"Olssons, Kids",597,5596.45,9458.90
2002,2002Q4,Children,Children Sports,Orion Kid's Clothes,35,647.20,1303.20
2002,2002Q4,Children,Children Sports,"Osprey, Kids",1170,18501.26,33562.36
2002,2002Q4,Children,Children Sports,Tracker Kid's Clothes,3124,56292.63,104167.78
2002,2002Q4,Children,Children Sports,"Ypsilon, Kids",361,8154.15,14452.10
2002,2002Q4,Clothes & Shoes,Clothes,Eclipse Clothing,6358,180623.01,363695.56
2002,2002Q4,Clothes & Shoes,Clothes,Green Tomato,400,11160.68,19266.18
2002,2002Q4,Clothes & Shoes,Clothes,Knitwear,1459,75036.00,130486.50
2002,2002Q4,Clothes & Shoes,Clothes,LSF,700,33389.10,66879.40
2002,2002Q4,Clothes & Shoes,Clothes,Leisure,710,32320.63,58620.78
2002,2002Q4,Clothes & Shoes,Clothes,Massif,107,16776.60,32019.10
2002,2002Q4,Clothes & Shoes,Clothes,Orion,1560,78021.22,149636.92
2002,2002Q4,Clothes & Shoes,Clothes,Orion Clothing,951,26404.43,50556.28
2002,2002Q4,Clothes & Shoes,Clothes,Osprey,612,19697.33,33937.88
2002,2002Q4,Clothes & Shoes,Clothes,Shorts,186,2604.90,4663.70
2002,2002Q4,Clothes & Shoes,Clothes,Stockings & Socks,602,5739.25,9692.30
2002,2002Q4,Clothes & Shoes,Clothes,Street Wear,1003,40856.83,71004.48
2002,2002Q4,Clothes & Shoes,Clothes,T-Shirts,406,6491.90,11716.00
2002,2002Q4,Clothes & Shoes,Clothes,Tracker Clothes,5394,144665.54,268550.44
2002,2002Q4,Clothes & Shoes,Clothes,Twain,144,20182.85,38596.15
2002,2002Q4,Clothes & Shoes,Shoes,Eclipse Shoes,5440,271347.35,546762.75
2002,2002Q4,Clothes & Shoes,Shoes,Shoes,2788,145236.40,271780.30
2002,2002Q4,Clothes & Shoes,Shoes,Tracker Shoes,3021,126857.64,233714.04
2002,2002Q4,Outdoors,Outdoors,Anoraks & Parkas,3735,290743.19,526043.94
2002,2002Q4,Outdoors,Outdoors,Backpacks,1730,121630.00,229079.50
2002,2002Q4,Outdoors,Outdoors,Gloves & Mittens,825,20166.50,35077.10
2002,2002Q4,Outdoors,Outdoors,Knitted Accessories,527,6157.46,10520.86
2002,2002Q4,Outdoors,Outdoors,Outdoor Gear,3182,136348.65,240801.20
2002,2002Q4,Outdoors,Outdoors,Sleepingbags,2851,131291.35,258543.30
2002,2002Q4,Outdoors,Outdoors,Tents,1228,225865.60,454389.70
2002,2002Q4,Sports,Assorted Sports Articles,Assorted Sports articles,8460,295161.52,536336.62
2002,2002Q4,Sports,Assorted Sports Articles,Darts,2769,53117.65,90568.10
2002,2002Q4,Sports,Assorted Sports Articles,Petanque - Boule,727,17859.90,32217.80
2002,2002Q4,Sports,Assorted Sports Articles,Skates,2968,282413.60,583737.70
2002,2002Q4,Sports,Golf,Golf,3669,188268.66,388254.31
2002,2002Q4,Sports,Golf,Golf Clothes,1040,87281.77,123035.37
2002,2002Q4,Sports,Indoor Sports,Fitness,1000,91794.65,184762.70
2002,2002Q4,Sports,Indoor Sports,Gymnastic Clothing,631,17303.94,30882.54
2002,2002Q4,Sports,Indoor Sports,Top Trim,566,60631.56,111508.46
2002,2002Q4,Sports,Racket Sports,Badminton,287,29049.25,39778.90
2002,2002Q4,Sports,Racket Sports,Racket Sports,1463,127070.50,216757.20
2002,2002Q4,Sports,Racket Sports,Tennis,1211,30879.49,53708.79
2002,2002Q4,Sports,Running - Jogging,Jogging,2055,70838.57,125252.37
2002,2002Q4,Sports,Running - Jogging,Running Clothes,3116,76700.62,139560.17
2002,2002Q4,Sports,Swim Sports,Bathing Suits,1898,40086.05,68432.90
2002,2002Q4,Sports,Team Sports,American Football,1465,19107.29,34711.06
2002,2002Q4,Sports,Team Sports,Baseball,1409,14803.77,25579.27
2002,2002Q4,Sports,Team Sports,Basket Ball,470,5981.72,9526.92
2002,2002Q4,Sports,Team Sports,Soccer,2983,53881.72,104002.27
2002,2002Q4,Sports,Winter Sports,Ski Dress,1438,199924.00,353498.45
2002,2002Q4,Sports,Winter Sports,Winter Sports,2577,138617.06,248968.86
